MITRE ATT&CK Tactic,MITRE ATT&CK Technique,Description,Windows Event IDs,Threat Name/Tool/CVE,Question,Answer
Antivirus,Antivirus,Defender: antivirus not up to date,1151,,What event IDs are associated with Defender: antivirus not up to date?,The event IDs associated with 'Defender: antivirus not up to date' are 1151.
Antivirus,Antivirus,Defender: massive malware outbreak detected on multiple hosts,1116,,What event IDs are associated with Defender: massive malware outbreak detected on multiple hosts?,The event IDs associated with 'Defender: massive malware outbreak detected on multiple hosts' are 1116.
Antivirus,Antivirus,Defender: massive malwares detected on a single host,1116,,What event IDs are associated with Defender: massive malwares detected on a single host?,The event IDs associated with 'Defender: massive malwares detected on a single host' are 1116.
TA0001-Initial access,T1078.002-Valid accounts-Domain accounts,Login denied due to account policy restrictions,4625,,What event IDs are associated with Login denied due to account policy restrictions?,The event IDs associated with 'Login denied due to account policy restrictions' are 4625.
TA0001-Initial access,T1078.002-Valid accounts-Domain accounts,Login failure from a single source with a disabled account,33205,,What event IDs are associated with Login failure from a single source with a disabled account?,The event IDs associated with 'Login failure from a single source with a disabled account' are 33205.
TA0001-Initial access,T1078.002-Valid accounts-Domain accounts,Success login on OpenSSH server,4,SSH server,What event IDs are associated with Success login on OpenSSH server?,The event IDs associated with 'Success login on OpenSSH server' are 4.
TA0001-Initial access,T1078.002-Valid accounts-Domain accounts,Success login on OpenSSH server,4624,SSH server,What event IDs are associated with Success login on OpenSSH server?,The event IDs associated with 'Success login on OpenSSH server' are 4624.
TA0001-Initial access,T1078-Valid accounts,RDP reconnaissance with valid credentials performed to multiple hosts,4624 or 1149,,What event IDs are associated with RDP reconnaissance with valid credentials performed to multiple hosts?,The event IDs associated with 'RDP reconnaissance with valid credentials performed to multiple hosts' are 4624 or 1149.
TA0002-Execution,T1047-Windows Management Instrumentation,Impacket WMIexec process execution,1 or 4688,WMIexec,What event IDs are associated with Impacket WMIexec process execution?,The event IDs associated with 'Impacket WMIexec process execution' are 1 or 4688.
TA0002-Execution,T1053.005-Scheduled Task,"Interactive shell triggered by scheduled task (at, deprecated)",1 or 4688,,"What event IDs are associated with Interactive shell triggered by scheduled task (at, deprecated)?","The event IDs associated with 'Interactive shell triggered by scheduled task (at, deprecated)' are 1 or 4688."
TA0002-Execution,T1053.005-Scheduled Task,Persistent scheduled task with SYSTEM privileges creation,1 or 4688,,What event IDs are associated with Persistent scheduled task with SYSTEM privileges creation?,The event IDs associated with 'Persistent scheduled task with SYSTEM privileges creation' are 1 or 4688.
TA0002-Execution,T1053.005-Scheduled Task,Remote schedule task creation via named pipes,5145,Atexec,What event IDs are associated with Remote schedule task creation via named pipes?,The event IDs associated with 'Remote schedule task creation via named pipes' are 5145.
TA0002-Execution,T1053.005-Scheduled Task,Schedule task created with suspicious arguments,4698,Atexec,What event IDs are associated with Schedule task created with suspicious arguments?,The event IDs associated with 'Schedule task created with suspicious arguments' are 4698.
TA0002-Execution,T1053.005-Scheduled Task,Schedule task fastly created and deleted,4698 and 4699,Atexec,What event IDs are associated with Schedule task fastly created and deleted?,The event IDs associated with 'Schedule task fastly created and deleted' are 4698 and 4699.
TA0002-Execution,T1053.005-Scheduled Task,Scheduled task creation,1 or 4688,,What event IDs are associated with Scheduled task creation?,The event IDs associated with 'Scheduled task creation' are 1 or 4688.
TA0002-Execution,T1059.001-Command and Scripting Interpreter: PowerShell,Encoded PowerShell payload deployed,800 or 4103 or 4104,,What event IDs are associated with Encoded PowerShell payload deployed?,The event IDs associated with 'Encoded PowerShell payload deployed' are 800 or 4103 or 4104.
TA0002-Execution,T1059.001-Command and Scripting Interpreter: PowerShell,Interactive PipeShell over SMB named pipe,800 or 4103 or 4104,,What event IDs are associated with Interactive PipeShell over SMB named pipe?,The event IDs associated with 'Interactive PipeShell over SMB named pipe' are 800 or 4103 or 4104.
TA0002-Execution,T1059.001-Command and Scripting Interpreter: PowerShell,Payload downloaded via PowerShell,800 or 4103 or 4104,,What event IDs are associated with Payload downloaded via PowerShell?,The event IDs associated with 'Payload downloaded via PowerShell' are 800 or 4103 or 4104.
TA0002-Execution,T1059.003-Windows Command Shell,Encoded PowerShell payload deployed via process execution,1 or 4688,,What event IDs are associated with Encoded PowerShell payload deployed via process execution?,The event IDs associated with 'Encoded PowerShell payload deployed via process execution' are 1 or 4688.
TA0002-Execution,T1059.003-Windows Command Shell,SQL Server payload injectection for reverse shell (MSF),1 or 4688,,What event IDs are associated with SQL Server payload injectection for reverse shell (MSF)?,The event IDs associated with 'SQL Server payload injectection for reverse shell (MSF)' are 1 or 4688.
TA0002-Execution,T1204-User execution,Edge abuse for payload download via console,1 or 4688,,What event IDs are associated with Edge abuse for payload download via console?,The event IDs associated with 'Edge abuse for payload download via console' are 1 or 4688.
TA0002-Execution,T1204-User execution,Edge/Chrome headless feature abuse for payload download,1 or 4688,,What event IDs are associated with Edge/Chrome headless feature abuse for payload download?,The event IDs associated with 'Edge/Chrome headless feature abuse for payload download' are 1 or 4688.
TA0002-Execution,T1569.002-Service Execution,PSexec installation detected,1 or 4688,,What event IDs are associated with PSexec installation detected?,The event IDs associated with 'PSexec installation detected' are 1 or 4688.
TA0002-Execution,T1569.002-Service Execution,Service massive failures (native),7000 or 7009,Tchopper,What event IDs are associated with Service massive failures (native)?,The event IDs associated with 'Service massive failures (native)' are 7000 or 7009.
TA0002-Execution,T1569.002-Service Execution,Service massive installation (native),7045 or 4697,Tchopper,What event IDs are associated with Service massive installation (native)?,The event IDs associated with 'Service massive installation (native)' are 7045 or 4697.
TA0002-Execution,T1569.002-Service Execution,Service massive remote creation via named pipes (native),5145,Tchopper,What event IDs are associated with Service massive remote creation via named pipes (native)?,The event IDs associated with 'Service massive remote creation via named pipes (native)' are 5145.
TA0003-Persistence,T1078.002-Valid accounts-Domain accounts,"Account renamed to ""admin"" (or likely)",4781,,"What event IDs are associated with Account renamed to ""admin"" (or likely)?","The event IDs associated with 'Account renamed to ""admin"" (or likely)' are 4781."
TA0003-Persistence,T1098.xxx-Account manipulation,Computer account created with privileges,4741,CVE-2021-42278/42287 & SAM-the-admin,What event IDs are associated with Computer account created with privileges?,The event IDs associated with 'Computer account created with privileges' are 4741.
TA0003-Persistence,T1098.xxx-Account manipulation,Computer account renamed without a trailing $,4781,CVE-2021-42278/42287 & SAM-the-admin,What event IDs are associated with Computer account renamed without a trailing $?,The event IDs associated with 'Computer account renamed without a trailing $' are 4781.
TA0003-Persistence,T1098.xxx-Account Manipulation,High risk domain group membership change,4728 or 4756,,What event IDs are associated with High risk domain group membership change?,The event IDs associated with 'High risk domain group membership change' are 4728 or 4756.
TA0003-Persistence,T1098.xxx-Account manipulation,High risk Exchange group membership change,4728 or 4756 or 4732,,What event IDs are associated with High risk Exchange group membership change?,The event IDs associated with 'High risk Exchange group membership change' are 4728 or 4756 or 4732.
TA0003-Persistence,T1098.xxx-Account Manipulation,High risk local-domain local group membership change,4732,,What event IDs are associated with High risk local-domain local group membership change?,The event IDs associated with 'High risk local-domain local group membership change' are 4732.
TA0003-Persistence,T1098.xxx-Account manipulation,High risk Skype/Lync/OCS group membership change,4728 or 4756 or 4732,,What event IDs are associated with High risk Skype/Lync/OCS group membership change?,The event IDs associated with 'High risk Skype/Lync/OCS group membership change' are 4728 or 4756 or 4732.
TA0003-Persistence,T1098.xxx-Account manipulation,Host delegation settings changed for potential abuse (any protocol),4742,Rubeus,What event IDs are associated with Host delegation settings changed for potential abuse (any protocol)?,The event IDs associated with 'Host delegation settings changed for potential abuse (any protocol)' are 4742.
TA0003-Persistence,T1098.xxx-Account manipulation,"Host delegation settings changed for potential abuse (any service, Kerberos only)",4742,Rubeus,"What event IDs are associated with Host delegation settings changed for potential abuse (any service, Kerberos only)?","The event IDs associated with 'Host delegation settings changed for potential abuse (any service, Kerberos only)' are 4742."
TA0003-Persistence,T1098.xxx-Account manipulation,Host delegation settings changed for potential abuse (Kerberos only),4742,Rubeus,What event IDs are associated with Host delegation settings changed for potential abuse (Kerberos only)?,The event IDs associated with 'Host delegation settings changed for potential abuse (Kerberos only)' are 4742.
TA0003-Persistence,T1098.xxx-Account manipulation,Low risk Skype/Lync/OCS group membership change,4728 or 4756 or 4732,,What event IDs are associated with Low risk Skype/Lync/OCS group membership change?,The event IDs associated with 'Low risk Skype/Lync/OCS group membership change' are 4728 or 4756 or 4732.
TA0003-Persistence,T1098.xxx-Account manipulation,Medium risk Exchange group membership change,4728 or 4756 or 4732,,What event IDs are associated with Medium risk Exchange group membership change?,The event IDs associated with 'Medium risk Exchange group membership change' are 4728 or 4756 or 4732.
TA0003-Persistence,T1098.xxx-Account Manipulation,Medium risk local-domain local group membership change,4732,,What event IDs are associated with Medium risk local-domain local group membership change?,The event IDs associated with 'Medium risk local-domain local group membership change' are 4732.
TA0003-Persistence,T1098.xxx-Account manipulation,Medium risk Skype/Lync/OCS group membership change,4728 or 4756 or 4732,,What event IDs are associated with Medium risk Skype/Lync/OCS group membership change?,The event IDs associated with 'Medium risk Skype/Lync/OCS group membership change' are 4728 or 4756 or 4732.
TA0003-Persistence,T1098.xxx-Account Manipulation,Member added and removed from a group by a user account in a short period of time,"4728/29,4756/57,4732/33",,What event IDs are associated with Member added and removed from a group by a user account in a short period of time?,"The event IDs associated with 'Member added and removed from a group by a user account in a short period of time' are 4728/29,4756/57,4732/33."
TA0003-Persistence,T1098.xxx-Account Manipulation,Member added to a group by the same account,4728 or 4756 or 4732,,What event IDs are associated with Member added to a group by the same account?,The event IDs associated with 'Member added to a group by the same account' are 4728 or 4756 or 4732.
TA0003-Persistence,T1098.xxx-Account manipulation,Member added to DNSadmins group for DLL abuse,4732,DNS DLL abuse,What event IDs are associated with Member added to DNSadmins group for DLL abuse?,The event IDs associated with 'Member added to DNSadmins group for DLL abuse' are 4732.
TA0003-Persistence,T1098.xxx-Account manipulation,New admin (or likely) created by a non administrative account,4720,,What event IDs are associated with New admin (or likely) created by a non administrative account?,The event IDs associated with 'New admin (or likely) created by a non administrative account' are 4720.
TA0003-Persistence,T1098.xxx-Account manipulation,SPN modification of a computer account (Directory Services),5136,DCShadow,What event IDs are associated with SPN modification of a computer account (Directory Services)?,The event IDs associated with 'SPN modification of a computer account (Directory Services)' are 5136.
TA0003-Persistence,T1098.xxx-Account manipulation,SPN modification of a computer account,4742,,What event IDs are associated with SPN modification of a computer account?,The event IDs associated with 'SPN modification of a computer account' are 4742.
TA0003-Persistence,T1098.xxx-Account manipulation,SPN modification of a computer account,4742,DCShadow,What event IDs are associated with SPN modification of a computer account?,The event IDs associated with 'SPN modification of a computer account' are 4742.
TA0003-Persistence,T1098.xxx-Account manipulation,SPN modification of a user account,5136,Kerberoasting,What event IDs are associated with SPN modification of a user account?,The event IDs associated with 'SPN modification of a user account' are 5136.
TA0003-Persistence,T1098.xxx-Account manipulation,SQL Server: new member added to a database role,33205,,What event IDs are associated with SQL Server: new member added to a database role?,The event IDs associated with 'SQL Server: new member added to a database role' are 33205.
TA0003-Persistence,T1098.xxx-Account manipulation,SQL Server: new member added to server role,33205,,What event IDs are associated with SQL Server: new member added to server role?,The event IDs associated with 'SQL Server: new member added to server role' are 33205.
TA0003-Persistence,T1098.xxx-Account manipulation,User account created and/or set with reversible encryption detected,4738,,What event IDs are associated with User account created and/or set with reversible encryption detected?,The event IDs associated with 'User account created and/or set with reversible encryption detected' are 4738.
TA0003-Persistence,T1098.xxx-Account manipulation,"User account marked as ""sensitive and cannot be delegated"" its had protection removed",4738,,"What event IDs are associated with User account marked as ""sensitive and cannot be delegated"" its had protection removed?","The event IDs associated with 'User account marked as ""sensitive and cannot be delegated"" its had protection removed' are 4738."
TA0003-Persistence,T1098.xxx-Account manipulation,User account set to not require Kerberos pre-authentication,4738,,What event IDs are associated with User account set to not require Kerberos pre-authentication?,The event IDs associated with 'User account set to not require Kerberos pre-authentication' are 4738.
TA0003-Persistence,T1098.xxx-Account manipulation,User account set to use Kerberos DES encryption,4738,,What event IDs are associated with User account set to use Kerberos DES encryption?,The event IDs associated with 'User account set to use Kerberos DES encryption' are 4738.
TA0003-Persistence,T1098.xxx-Account manipulation,User account with password set to never expire detected,4738,,What event IDs are associated with User account with password set to never expire detected?,The event IDs associated with 'User account with password set to never expire detected' are 4738.
TA0003-Persistence,T1098.xxx-Account manipulation,User account with password set to not require detected,4738,,What event IDs are associated with User account with password set to not require detected?,The event IDs associated with 'User account with password set to not require detected' are 4738.
TA0003-Persistence,T1098.xxx-Account manipulation,User password change using current hash password - ChangeNTLM,4723,Mimikatz,What event IDs are associated with User password change using current hash password - ChangeNTLM?,The event IDs associated with 'User password change using current hash password - ChangeNTLM' are 4723.
TA0003-Persistence,T1098.xxx-Account manipulation,User password change without previous password known - SetNTLM,4724,Mimikatz,What event IDs are associated with User password change without previous password known - SetNTLM?,The event IDs associated with 'User password change without previous password known - SetNTLM' are 4724.
TA0003-Persistence,T1098.xxx-Account Manipulation,User performing massive group membership changes on multiple differents groups,4728 or 4756,,What event IDs are associated with User performing massive group membership changes on multiple differents groups?,The event IDs associated with 'User performing massive group membership changes on multiple differents groups' are 4728 or 4756.
TA0003-Persistence,T1098-Account Manipulation,Computer account set for RBCD delegation,5136,,What event IDs are associated with Computer account set for RBCD delegation?,The event IDs associated with 'Computer account set for RBCD delegation' are 5136.
TA0003-Persistence,T1098-Account Manipulation,Disabled guest or builtin account activated,4722,,What event IDs are associated with Disabled guest or builtin account activated?,The event IDs associated with 'Disabled guest or builtin account activated' are 4722.
TA0003-Persistence,T1098-Account Manipulation,SPN added to an account (command),1 or 4688,,What event IDs are associated with SPN added to an account (command)?,The event IDs associated with 'SPN added to an account (command)' are 1 or 4688.
TA0003-Persistence,T1136.001-Create account-Local account,Hidden account creation (with fast deletion),4720 and 4726,,What event IDs are associated with Hidden account creation (with fast deletion)?,The event IDs associated with 'Hidden account creation (with fast deletion)' are 4720 and 4726.
TA0003-Persistence,T1136.001-Create account-Local account,Local user account created on a single host,4720,,What event IDs are associated with Local user account created on a single host?,The event IDs associated with 'Local user account created on a single host' are 4720.
TA0003-Persistence,T1136.001-Create account-Local account,SQL Server: disabled SA account enabled,33205,,What event IDs are associated with SQL Server: disabled SA account enabled?,The event IDs associated with 'SQL Server: disabled SA account enabled' are 33205.
TA0003-Persistence,T1136.002-Create account-Domain account,Computer account created and deleted in a short period of time,4741 and 4743,,What event IDs are associated with Computer account created and deleted in a short period of time?,The event IDs associated with 'Computer account created and deleted in a short period of time' are 4741 and 4743.
TA0003-Persistence,T1136.002-Create account-Domain account,User account created and deleted in a short period of time,4720 and 4726,,What event IDs are associated with User account created and deleted in a short period of time?,The event IDs associated with 'User account created and deleted in a short period of time' are 4720 and 4726.
TA0003-Persistence,T1136.002-Create account-Domain account,User account creation disguised in a computer account,4720 or 4781,,What event IDs are associated with User account creation disguised in a computer account?,The event IDs associated with 'User account creation disguised in a computer account' are 4720 or 4781.
TA0003-Persistence,T1136-Create account,User creation via commandline,1 or 4688,,What event IDs are associated with User creation via commandline?,The event IDs associated with 'User creation via commandline' are 1 or 4688.
TA0003-Persistence,T1505.001-SQL Stored Procedures,SQL lateral movement with CLR,15457,,What event IDs are associated with SQL lateral movement with CLR?,The event IDs associated with 'SQL lateral movement with CLR' are 15457.
TA0003-Persistence,T1505.001-SQL Stored Procedures,SQL Server xp_cmdshell procedure activated,18457,,What event IDs are associated with SQL Server xp_cmdshell procedure activated?,The event IDs associated with 'SQL Server xp_cmdshell procedure activated' are 18457.
TA0003-Persistence,T1505.001-SQL Stored Procedures,SQL Server: sqlcmd & ossql utilities abuse,1 or 4688,,What event IDs are associated with SQL Server: sqlcmd & ossql utilities abuse?,The event IDs associated with 'SQL Server: sqlcmd & ossql utilities abuse' are 1 or 4688.
TA0003-Persistence,T1505.001-SQL Stored Procedures,SQL Server: started in single mode for password recovery,1 or 4688,,What event IDs are associated with SQL Server: started in single mode for password recovery?,The event IDs associated with 'SQL Server: started in single mode for password recovery' are 1 or 4688.
TA0003-Persistence,T1505.002-Server Software Component: Transport Agent,Exchange transport agent injection via configuration file,11,,What event IDs are associated with Exchange transport agent injection via configuration file?,The event IDs associated with 'Exchange transport agent injection via configuration file' are 11.
TA0003-Persistence,T1505.002-Server Software Component: Transport Agent,Exchange transport agent installation artifacts,1 or 6,,What event IDs are associated with Exchange transport agent installation artifacts?,The event IDs associated with 'Exchange transport agent installation artifacts' are 1 or 6.
TA0003-Persistence,T1543.003-Create or Modify System Process-Windows Service,Encoded PowerShell payload deployed via service installation,7045 or 4697,,What event IDs are associated with Encoded PowerShell payload deployed via service installation?,The event IDs associated with 'Encoded PowerShell payload deployed via service installation' are 7045 or 4697.
TA0003-Persistence,T1543.003-Create or Modify System Process-Windows Service,Impacket SMBexec service registration (native),7045 or 4697,SMBexec,What event IDs are associated with Impacket SMBexec service registration (native)?,The event IDs associated with 'Impacket SMBexec service registration (native)' are 7045 or 4697.
TA0003-Persistence,T1543.003-Create or Modify System Process-Windows Service,Mimikatz service driver installation detected,7045 or 4697,Mimikatz,What event IDs are associated with Mimikatz service driver installation detected?,The event IDs associated with 'Mimikatz service driver installation detected' are 7045 or 4697.
TA0003-Persistence,T1543.003-Create or Modify System Process-Windows Service,"Service abuse with backdoored ""command failure"" (PowerShell)",800 or 4103 or 4104,,"What event IDs are associated with Service abuse with backdoored ""command failure"" (PowerShell)?","The event IDs associated with 'Service abuse with backdoored ""command failure"" (PowerShell)' are 800 or 4103 or 4104."
TA0003-Persistence,T1543.003-Create or Modify System Process-Windows Service,"Service abuse with backdoored ""command failure"" (registry)",1 or 4688,,"What event IDs are associated with Service abuse with backdoored ""command failure"" (registry)?","The event IDs associated with 'Service abuse with backdoored ""command failure"" (registry)' are 1 or 4688."
TA0003-Persistence,T1543.003-Create or Modify System Process-Windows Service,"Service abuse with backdoored ""command failure"" (service)",1 or 4688,,"What event IDs are associated with Service abuse with backdoored ""command failure"" (service)?","The event IDs associated with 'Service abuse with backdoored ""command failure"" (service)' are 1 or 4688."
TA0003-Persistence,T1543.003-Create or Modify System Process-Windows Service,Service abuse with malicious ImagePath (PowerShell),800 or 4103 or 4104,,What event IDs are associated with Service abuse with malicious ImagePath (PowerShell)?,The event IDs associated with 'Service abuse with malicious ImagePath (PowerShell)' are 800 or 4103 or 4104.
TA0003-Persistence,T1543.003-Create or Modify System Process-Windows Service,Service abuse with malicious ImagePath (registry),1 or 4688,,What event IDs are associated with Service abuse with malicious ImagePath (registry)?,The event IDs associated with 'Service abuse with malicious ImagePath (registry)' are 1 or 4688.
TA0003-Persistence,T1543.003-Create or Modify System Process-Windows Service,Service abuse with malicious ImagePath (service),1 or 4688,,What event IDs are associated with Service abuse with malicious ImagePath (service)?,The event IDs associated with 'Service abuse with malicious ImagePath (service)' are 1 or 4688.
TA0003-Persistence,T1543.003-Create or Modify System Process-Windows Service,Service created for RDP session hijack,7045 or 4697,,What event IDs are associated with Service created for RDP session hijack?,The event IDs associated with 'Service created for RDP session hijack' are 7045 or 4697.
TA0003-Persistence,T1543.003-Create or Modify System Process-Windows Service,Service creation (command),1 or 4688,,What event IDs are associated with Service creation (command)?,The event IDs associated with 'Service creation (command)' are 1 or 4688.
TA0003-Persistence,T1543.003-Create or Modify System Process-Windows Service,Service creation (PowerShell),800 or 4103 or 4104,,What event IDs are associated with Service creation (PowerShell)?,The event IDs associated with 'Service creation (PowerShell)' are 800 or 4103 or 4104.
TA0003-Persistence,T1546.003-Windows Management Instrumentation Event Subscription,System crash behavior manipulation (registry),13,WMImplant,What event IDs are associated with System crash behavior manipulation (registry)?,The event IDs associated with 'System crash behavior manipulation (registry)' are 13.
TA0003-Persistence,T1546.003-Windows Management Instrumentation Event Subscription,WMI registration (PowerShell),800 or 4103 or 4104,,What event IDs are associated with WMI registration (PowerShell)?,The event IDs associated with 'WMI registration (PowerShell)' are 800 or 4103 or 4104.
TA0003-Persistence,T1546.003-Windows Management Instrumentation Event Subscription,WMI registration,19 or 20 or 21,,What event IDs are associated with WMI registration?,The event IDs associated with 'WMI registration' are 19 or 20 or 21.
TA0003-Persistence,T1546.007-Netsh Helper DLL,Netsh helper DLL command abuse,1 or 4688,,What event IDs are associated with Netsh helper DLL command abuse?,The event IDs associated with 'Netsh helper DLL command abuse' are 1 or 4688.
TA0003-Persistence,T1546.007-Netsh Helper DLL,Netsh helper DLL registry abuse,13,,What event IDs are associated with Netsh helper DLL registry abuse?,The event IDs associated with 'Netsh helper DLL registry abuse' are 13.
TA0003-Persistence,T1546-Event Triggered Execution,AdminSDHolder container permissions modified,5136,,What event IDs are associated with AdminSDHolder container permissions modified?,The event IDs associated with 'AdminSDHolder container permissions modified' are 5136.
TA0003-Persistence,T1546-Event Triggered Execution,Extended rights backdoor obfuscation (via localizationDisplayId),5136,,What event IDs are associated with Extended rights backdoor obfuscation (via localizationDisplayId)?,The event IDs associated with 'Extended rights backdoor obfuscation (via localizationDisplayId)' are 5136.
TA0003-Persistence,T1547.008-Boot or Logon Autostart Execution: LSASS Driver,Security package (SSP) loaded into LSA (native),4622,,What event IDs are associated with Security package (SSP) loaded into LSA (native)?,The event IDs associated with 'Security package (SSP) loaded into LSA (native)' are 4622.
TA0003-Persistence,T1547.009-Boot or Logon Autostart Execution: Shortcut Modification,NTFS hard link creation,4664,,What event IDs are associated with NTFS hard link creation?,The event IDs associated with 'NTFS hard link creation' are 4664.
TA0003-Persistence,T1547.009-Boot or Logon Autostart Execution: Shortcut Modification,NTFS symbolic link configuration change,1 or 4688,,What event IDs are associated with NTFS symbolic link configuration change?,The event IDs associated with 'NTFS symbolic link configuration change' are 1 or 4688.
TA0003-Persistence,T1547.009-Boot or Logon Autostart Execution: Shortcut Modification,NTFS symbolic link creation,1 or 4688,,What event IDs are associated with NTFS symbolic link creation?,The event IDs associated with 'NTFS symbolic link creation' are 1 or 4688.
TA0003-Persistence,T1574.002-DLL Side-Loading,"DNS DLL ""serverlevelplugindll"" command execution",1 or 4688,DNS DLL abuse,"What event IDs are associated with DNS DLL ""serverlevelplugindll"" command execution?","The event IDs associated with 'DNS DLL ""serverlevelplugindll"" command execution' are 1 or 4688."
TA0003-Persistence,T1574.002-DLL Side-Loading,Failed DLL loaded by DNS server,150,DNS DLL abuse,What event IDs are associated with Failed DLL loaded by DNS server?,The event IDs associated with 'Failed DLL loaded by DNS server' are 150.
TA0003-Persistence,T1574.002-DLL Side-Loading,Success DLL loaded by DNS server,770,DNS DLL abuse,What event IDs are associated with Success DLL loaded by DNS server?,The event IDs associated with 'Success DLL loaded by DNS server' are 770.
TA0003-Persistence,T1574.010-Hijack execution flow: service file permissions weakness,Service permissions modified (registry),1 or 4688,,What event IDs are associated with Service permissions modified (registry)?,The event IDs associated with 'Service permissions modified (registry)' are 1 or 4688.
TA0003-Persistence,T1574.010-Hijack execution flow: service file permissions weakness,Service permissions modified (service),1 or 4688,,What event IDs are associated with Service permissions modified (service)?,The event IDs associated with 'Service permissions modified (service)' are 1 or 4688.
TA0004-Privilege Escalation,T1068-Exploitation for Privilege Escalation,Privilege SeMachineAccountPrivilege abuse,4673,CVE-2021-42278/42287 & SAM-the-admin,What event IDs are associated with Privilege SeMachineAccountPrivilege abuse?,The event IDs associated with 'Privilege SeMachineAccountPrivilege abuse' are 4673.
TA0004-Privilege Escalation,T1134.001- Access Token Manipulation: Token Impersonation/Theft,Anonymous login,4624 and 4688,RottenPotatoNG,What event IDs are associated with Anonymous login?,The event IDs associated with 'Anonymous login' are 4624 and 4688.
TA0004-Privilege Escalation,T1134.002- Access Token Manipulation: Create Process with Token,Privilege escalation via runas (command),4688 and 4648 and 4624,,What event IDs are associated with Privilege escalation via runas (command)?,The event IDs associated with 'Privilege escalation via runas (command)' are 4688 and 4648 and 4624.
TA0004-Privilege Escalation,T1134.002- Access Token Manipulation: Create Process with Token,Privilege escalation via RunasCS,1 or 4688,,What event IDs are associated with Privilege escalation via RunasCS?,The event IDs associated with 'Privilege escalation via RunasCS' are 1 or 4688.
TA0004-Privilege Escalation,T1134.005-Access Token Manipulation: SID-History Injection,SID history value S/F to be added to a domain account,4765/4766/4738,,What event IDs are associated with SID history value S/F to be added to a domain account?,The event IDs associated with 'SID history value S/F to be added to a domain account' are 4765/4766/4738.
TA0004-Privilege Escalation,T1134-Access Token Manipulation,New access rights granted to an account by a standard user,4717 or 4718,,What event IDs are associated with New access rights granted to an account by a standard user?,The event IDs associated with 'New access rights granted to an account by a standard user' are 4717 or 4718.
TA0004-Privilege Escalation,T1134-Access Token Manipulation,User right granted to an account by a standard user,4704,,What event IDs are associated with User right granted to an account by a standard user?,The event IDs associated with 'User right granted to an account by a standard user' are 4704.
TA0004-Privilege Escalation,T1484.001-Domain Policy Modification-Group Policy Modification,Modification of a sensitive Group Policy,5136,,What event IDs are associated with Modification of a sensitive Group Policy?,The event IDs associated with 'Modification of a sensitive Group Policy' are 5136.
TA0004-Privilege Escalation,T1484.002- Domain or Tenant Policy Modification: Trust Modification,New external trust added,"4865, 4076",,What event IDs are associated with New external trust added?,"The event IDs associated with 'New external trust added' are 4865, 4076."
TA0004-Privilege Escalation,T1543.003-Create or Modify System Process-Windows Service,PSexec service installation detected,7045 or 4697,,What event IDs are associated with PSexec service installation detected?,The event IDs associated with 'PSexec service installation detected' are 7045 or 4697.
TA0004-Privilege Escalation,T1546.008-Event Triggered Execution: Accessibility Features,CMD executed by stickey key and detected via hash,1 or 4688,Sticky key,What event IDs are associated with CMD executed by stickey key and detected via hash?,The event IDs associated with 'CMD executed by stickey key and detected via hash' are 1 or 4688.
TA0004-Privilege Escalation,T1546.008-Event Triggered Execution: Accessibility Features,Sticky key called CMD via command execution,1 or 4688,Sticky key,What event IDs are associated with Sticky key called CMD via command execution?,The event IDs associated with 'Sticky key called CMD via command execution' are 1 or 4688.
TA0004-Privilege Escalation,T1546.008-Event Triggered Execution: Accessibility Features,Sticky key failed sethc replacement by CMD,4656,Sticky key,What event IDs are associated with Sticky key failed sethc replacement by CMD?,The event IDs associated with 'Sticky key failed sethc replacement by CMD' are 4656.
TA0004-Privilege Escalation,T1546.008-Event Triggered Execution: Accessibility Features,Sticky key file created from CMD copy,11,Sticky key,What event IDs are associated with Sticky key file created from CMD copy?,The event IDs associated with 'Sticky key file created from CMD copy' are 11.
TA0004-Privilege Escalation,T1546.008-Event Triggered Execution: Accessibility Features,Sticky key IFEO command for registry change,1 or 4688,Sticky key,What event IDs are associated with Sticky key IFEO command for registry change?,The event IDs associated with 'Sticky key IFEO command for registry change' are 1 or 4688.
TA0004-Privilege Escalation,T1546.008-Event Triggered Execution: Accessibility Features,Sticky key IFEO registry changed,12 or 12,Sticky key,What event IDs are associated with Sticky key IFEO registry changed?,The event IDs associated with 'Sticky key IFEO registry changed' are 12 or 12.
TA0004-Privilege Escalation,T1547.010-Port Monitors,Print spooler privilege escalation via printer added,800 or 4103 or 4104,PrintNightmare (CVE-2021-1675 / CVE-2021-34527),What event IDs are associated with Print spooler privilege escalation via printer added?,The event IDs associated with 'Print spooler privilege escalation via printer added' are 800 or 4103 or 4104.
TA0004-Privilege Escalation,T1574.002-DLL Side-Loading,External printer mapped,4688 and 4648,PrintNightmare (CVE-2021-1675 / CVE-2021-34527),What event IDs are associated with External printer mapped?,The event IDs associated with 'External printer mapped' are 4688 and 4648.
TA0004-Privilege Escalation,T1574.002-DLL Side-Loading,New external device added,6416,PrintNightmare (CVE-2021-1675 / CVE-2021-34527),What event IDs are associated with New external device added?,The event IDs associated with 'New external device added' are 6416.
TA0004-Privilege Escalation,T1574.002-DLL Side-Loading,Printer spool driver from Mimikatz installed,808 or 354 or 321,PrintNightmare (CVE-2021-1675 / CVE-2021-34527),What event IDs are associated with Printer spool driver from Mimikatz installed?,The event IDs associated with 'Printer spool driver from Mimikatz installed' are 808 or 354 or 321.
TA0004-Privilege Escalation,T1574.002-DLL Side-Loading,Spool process spawned a CMD shell,1 or 4688,PrintNightmare (CVE-2021-1675 / CVE-2021-34527),What event IDs are associated with Spool process spawned a CMD shell?,The event IDs associated with 'Spool process spawned a CMD shell' are 1 or 4688.
TA0005-Defense Evasion,T1027-Obfuscated Files or Information,Payload obfuscated transfer via service name,1 or 4688,Tchopper,What event IDs are associated with Payload obfuscated transfer via service name?,The event IDs associated with 'Payload obfuscated transfer via service name' are 1 or 4688.
TA0005-Defense Evasion,T1070.001-Indicator Removal on Host,Event log file(s) cleared,104 or 1102,,What event IDs are associated with Event log file(s) cleared?,The event IDs associated with 'Event log file(s) cleared' are 104 or 1102.
TA0005-Defense Evasion,T1070.001-Indicator Removal on Host,Tentative of clearing event log file(s) detected (command),1 or 4688,,What event IDs are associated with Tentative of clearing event log file(s) detected (command)?,The event IDs associated with 'Tentative of clearing event log file(s) detected (command)' are 1 or 4688.
TA0005-Defense Evasion,T1070.001-Indicator Removal on Host,Tentative of clearing event log file(s) detected (PowerShell),800 or 4103 or 4104,,What event IDs are associated with Tentative of clearing event log file(s) detected (PowerShell)?,The event IDs associated with 'Tentative of clearing event log file(s) detected (PowerShell)' are 800 or 4103 or 4104.
TA0005-Defense Evasion,T1070.001-Indicator Removal on Host,Tentative of clearing event log file(s) detected (wmi),1 or 4688,,What event IDs are associated with Tentative of clearing event log file(s) detected (wmi)?,The event IDs associated with 'Tentative of clearing event log file(s) detected (wmi)' are 1 or 4688.
TA0005-Defense Evasion,T1070.006-Timestomp,System time changed,4616,,What event IDs are associated with System time changed?,The event IDs associated with 'System time changed' are 4616.
TA0005-Defense Evasion,T1078.002-Valid accounts-Domain accounts,"Login from a user member of a ""special group"" detected (special logon)",4964,,"What event IDs are associated with Login from a user member of a ""special group"" detected (special logon)?","The event IDs associated with 'Login from a user member of a ""special group"" detected (special logon)' are 4964."
TA0005-Defense Evasion,T1112-Modify registry,Impacket SMBexec service registration (registry),13,SMBexec,What event IDs are associated with Impacket SMBexec service registration (registry)?,The event IDs associated with 'Impacket SMBexec service registration (registry)' are 13.
TA0005-Defense Evasion,T1197-BITS job,Command execution related to a suspicious BITS activity detected,1 or 4688,,What event IDs are associated with Command execution related to a suspicious BITS activity detected?,The event IDs associated with 'Command execution related to a suspicious BITS activity detected' are 1 or 4688.
TA0005-Defense Evasion,T1197-BITS job,Command execution related to a suspicious BITS activity detected,800 or 4103 or 4104,,What event IDs are associated with Command execution related to a suspicious BITS activity detected?,The event IDs associated with 'Command execution related to a suspicious BITS activity detected' are 800 or 4103 or 4104.
TA0005-Defense Evasion,T1197-BITS job,High amount of data downloaded via BITS,60,,What event IDs are associated with High amount of data downloaded via BITS?,The event IDs associated with 'High amount of data downloaded via BITS' are 60.
TA0005-Defense Evasion,T1207-Rogue domain controller,New fake domain controller registration,5137 or 5141,DCShadow,What event IDs are associated with New fake domain controller registration?,The event IDs associated with 'New fake domain controller registration' are 5137 or 5141.
TA0005-Defense Evasion,T1207-Rogue domain controller,Sensitive attributes accessed,4662,DCShadow,What event IDs are associated with Sensitive attributes accessed?,The event IDs associated with 'Sensitive attributes accessed' are 4662.
TA0005-Defense Evasion,T1222.001-File and Directory Permissions Modification,Computer account modifying AD permissions,5136,PrivExchange,What event IDs are associated with Computer account modifying AD permissions?,The event IDs associated with 'Computer account modifying AD permissions' are 5136.
TA0005-Defense Evasion,T1222.001-File and Directory Permissions Modification,Network share permissions changed,5143,,What event IDs are associated with Network share permissions changed?,The event IDs associated with 'Network share permissions changed' are 5143.
TA0005-Defense Evasion,T1222.001-File and Directory Permissions Modification,OCSP security settings changed,5124(OCSP),,What event IDs are associated with OCSP security settings changed?,The event IDs associated with 'OCSP security settings changed' are 5124(OCSP).
TA0005-Defense Evasion,T1222.001-File and Directory Permissions Modification,Permissions changed on a GPO,5136,,What event IDs are associated with Permissions changed on a GPO?,The event IDs associated with 'Permissions changed on a GPO' are 5136.
TA0005-Defense Evasion,T1222.001-File and Directory Permissions Modification,"Sensitive GUID related to ""Replicate directory changes"" detected",4662,DCSync,"What event IDs are associated with Sensitive GUID related to ""Replicate directory changes"" detected?","The event IDs associated with 'Sensitive GUID related to ""Replicate directory changes"" detected' are 4662."
TA0005-Defense Evasion,T1553.003- Subvert Trust Controls: SIP and Trust Provider Hijacking,Suspicious SIP or trust provider registration,12 or 12,,What event IDs are associated with Suspicious SIP or trust provider registration?,The event IDs associated with 'Suspicious SIP or trust provider registration' are 12 or 12.
TA0005-Defense Evasion,T1562.001-Impair Defenses: Disable or Modify Tools,Unload SYSMON driver,1,,What event IDs are associated with Unload SYSMON driver?,The event IDs associated with 'Unload SYSMON driver' are 1.
TA0005-Defense Evasion,T1562.001-Impair Defenses-Disable or modify tools,Defender: critical security component disabled (command),1 or 4688,,What event IDs are associated with Defender: critical security component disabled (command)?,The event IDs associated with 'Defender: critical security component disabled (command)' are 1 or 4688.
TA0005-Defense Evasion,T1562.001-Impair Defenses-Disable or modify tools,Defender: critical security component disabled (PowerShell),800 or 4103 or 4104,,What event IDs are associated with Defender: critical security component disabled (PowerShell)?,The event IDs associated with 'Defender: critical security component disabled (PowerShell)' are 800 or 4103 or 4104.
TA0005-Defense Evasion,T1562.001-Impair Defenses-Disable or modify tools,Defender: default action set to allow any threat (PowerShell),800 or 4103 or 4104,,What event IDs are associated with Defender: default action set to allow any threat (PowerShell)?,The event IDs associated with 'Defender: default action set to allow any threat (PowerShell)' are 800 or 4103 or 4104.
TA0005-Defense Evasion,T1562.001-Impair Defenses-Disable or modify tools,Defender: exclusion added (native),5007,,What event IDs are associated with Defender: exclusion added (native)?,The event IDs associated with 'Defender: exclusion added (native)' are 5007.
TA0005-Defense Evasion,T1562.001-Impair Defenses-Disable or modify tools,Defender: exclusion added (PowerShell),800 or 4103 or 4104,,What event IDs are associated with Defender: exclusion added (PowerShell)?,The event IDs associated with 'Defender: exclusion added (PowerShell)' are 800 or 4103 or 4104.
TA0005-Defense Evasion,T1562.001-Impair Defenses-Disable or modify tools,Defender: service component status disabled (Registry via Sysmon),13,,What event IDs are associated with Defender: service component status disabled (Registry via Sysmon)?,The event IDs associated with 'Defender: service component status disabled (Registry via Sysmon)' are 13.
TA0005-Defense Evasion,T1562.001-Impair Defenses-Disable or modify tools,Virtualization disabled (Credential guard),8,,What event IDs are associated with Virtualization disabled (Credential guard)?,The event IDs associated with 'Virtualization disabled (Credential guard)' are 8.
TA0005-Defense Evasion,T1562.002-Impair Defenses: Disable Windows Event Logging,,541,,What event IDs are associated with nan?,The event IDs associated with 'nan' are 541.
TA0005-Defense Evasion,T1562.002-Impair Defenses: Disable Windows Event Logging,Audit policy disabled,4719,,What event IDs are associated with Audit policy disabled?,The event IDs associated with 'Audit policy disabled' are 4719.
TA0005-Defense Evasion,T1562.002-Impair Defenses: Disable Windows Event Logging,Domain policy changed on one or multiple hosts,4739,,What event IDs are associated with Domain policy changed on one or multiple hosts?,The event IDs associated with 'Domain policy changed on one or multiple hosts' are 4739.
TA0005-Defense Evasion,T1562.002-Impair Defenses: Disable Windows Event Logging,Membership of a special group updated,4908,,What event IDs are associated with Membership of a special group updated?,The event IDs associated with 'Membership of a special group updated' are 4908.
TA0005-Defense Evasion,T1562.002-Impair Defenses: Disable Windows Event Logging,SQL Server: Audit object deleted,33205,,What event IDs are associated with SQL Server: Audit object deleted?,The event IDs associated with 'SQL Server: Audit object deleted' are 33205.
TA0005-Defense Evasion,T1562.002-Impair Defenses: Disable Windows Event Logging,SQL Server: Audit object disabled,33205,,What event IDs are associated with SQL Server: Audit object disabled?,The event IDs associated with 'SQL Server: Audit object disabled' are 33205.
TA0005-Defense Evasion,T1562.002-Impair Defenses: Disable Windows Event Logging,SQL Server: Audit specifications deleted,33205,,What event IDs are associated with SQL Server: Audit specifications deleted?,The event IDs associated with 'SQL Server: Audit specifications deleted' are 33205.
TA0005-Defense Evasion,T1562.002-Impair Defenses: Disable Windows Event Logging,SQL Server: Audit specifications disabled,33205,,What event IDs are associated with SQL Server: Audit specifications disabled?,The event IDs associated with 'SQL Server: Audit specifications disabled' are 33205.
TA0005-Defense Evasion,T1562.002-Impair Defenses: Disable Windows Event Logging,SQL Server: Database audit specifications deleted,33205,,What event IDs are associated with SQL Server: Database audit specifications deleted?,The event IDs associated with 'SQL Server: Database audit specifications deleted' are 33205.
TA0005-Defense Evasion,T1562.002-Impair Defenses: Disable Windows Event Logging,SQL Server: Database audit specifications disabled,33205,,What event IDs are associated with SQL Server: Database audit specifications disabled?,The event IDs associated with 'SQL Server: Database audit specifications disabled' are 33205.
TA0005-Defense Evasion,T1562.002-Impair Defenses: Disable Windows Event Logging,Tentative of disabling or clearing audit policy by commandline,1 or 4688,,What event IDs are associated with Tentative of disabling or clearing audit policy by commandline?,The event IDs associated with 'Tentative of disabling or clearing audit policy by commandline' are 1 or 4688.
TA0005-Defense Evasion,T1562.004-Disable or Modify System Firewall,Firewall deactivation (cmd),1 or 4688,,What event IDs are associated with Firewall deactivation (cmd)?,The event IDs associated with 'Firewall deactivation (cmd)' are 1 or 4688.
TA0005-Defense Evasion,T1562.004-Disable or Modify System Firewall,Firewall deactivation (firewall),2003 or 4950,,What event IDs are associated with Firewall deactivation (firewall)?,The event IDs associated with 'Firewall deactivation (firewall)' are 2003 or 4950.
TA0005-Defense Evasion,T1562.004-Disable or Modify System Firewall,Firewall deactivation (PowerShell),800 or 4103 or 4104,,What event IDs are associated with Firewall deactivation (PowerShell)?,The event IDs associated with 'Firewall deactivation (PowerShell)' are 800 or 4103 or 4104.
TA0005-Defense Evasion,T1562.004-Disable/modify firewall (rule),Any/any firewall rule created,2004,,What event IDs are associated with Any/any firewall rule created?,The event IDs associated with 'Any/any firewall rule created' are 2004.
TA0005-Defense Evasion,T1562.004-Disable/modify firewall (rule),"Firewall rule created by a suspicious command (netsh.exe, wmiprvse.exe)",2004,,"What event IDs are associated with Firewall rule created by a suspicious command (netsh.exe, wmiprvse.exe)?","The event IDs associated with 'Firewall rule created by a suspicious command (netsh.exe, wmiprvse.exe)' are 2004."
TA0005-Defense Evasion,T1562.004-Disable/modify firewall (rule),Firewall rule created by a user account,2004,,What event IDs are associated with Firewall rule created by a user account?,The event IDs associated with 'Firewall rule created by a user account' are 2004.
TA0005-Defense Evasion,T1562.004-Disable/modify firewall (rule),OpenSSH server firewall configuration (command),1 or 4688,SSH server,What event IDs are associated with OpenSSH server firewall configuration (command)?,The event IDs associated with 'OpenSSH server firewall configuration (command)' are 1 or 4688.
TA0005-Defense Evasion,T1562.004-Disable/modify firewall (rule),OpenSSH server firewall configuration (firewall),2004,SSH server,What event IDs are associated with OpenSSH server firewall configuration (firewall)?,The event IDs associated with 'OpenSSH server firewall configuration (firewall)' are 2004.
TA0005-Defense Evasion,T1562.004-Disable/modify firewall (rule),OpenSSH server firewall configuration (PowerShell),800 or 4103 or 4104,SSH server,What event IDs are associated with OpenSSH server firewall configuration (PowerShell)?,The event IDs associated with 'OpenSSH server firewall configuration (PowerShell)' are 800 or 4103 or 4104.
TA0005-Defense Evasion,T1564.006-Hide Artifacts: Run Virtual Instance,WSL for Windows installation detected (command),1 or 4688,,What event IDs are associated with WSL for Windows installation detected (command)?,The event IDs associated with 'WSL for Windows installation detected (command)' are 1 or 4688.
TA0006-Credential Access,T1003.001-Credential dumping: LSASS,LSASS credential dump with LSASSY (kernel),4656 or 4663,,What event IDs are associated with LSASS credential dump with LSASSY (kernel)?,The event IDs associated with 'LSASS credential dump with LSASSY (kernel)' are 4656 or 4663.
TA0006-Credential Access,T1003.001-Credential dumping: LSASS,LSASS credential dump with LSASSY (PowerShell),800 or 4103 or 4104,,What event IDs are associated with LSASS credential dump with LSASSY (PowerShell)?,The event IDs associated with 'LSASS credential dump with LSASSY (PowerShell)' are 800 or 4103 or 4104.
TA0006-Credential Access,T1003.001-Credential dumping: LSASS,LSASS credential dump with LSASSY (process),1 or 4688,,What event IDs are associated with LSASS credential dump with LSASSY (process)?,The event IDs associated with 'LSASS credential dump with LSASSY (process)' are 1 or 4688.
TA0006-Credential Access,T1003.001-Credential dumping: LSASS,LSASS credential dump with LSASSY (share),5145,,What event IDs are associated with LSASS credential dump with LSASSY (share)?,The event IDs associated with 'LSASS credential dump with LSASSY (share)' are 5145.
TA0006-Credential Access,T1003.001-Credential dumping: LSASS,LSASS credentials dump via Task Manager (file),11,,What event IDs are associated with LSASS credentials dump via Task Manager (file)?,The event IDs associated with 'LSASS credentials dump via Task Manager (file)' are 11.
TA0006-Credential Access,T1003.001-Credential dumping: LSASS,LSASS dump indicator via Task Manager access,1 or 4688,,What event IDs are associated with LSASS dump indicator via Task Manager access?,The event IDs associated with 'LSASS dump indicator via Task Manager access' are 1 or 4688.
TA0006-Credential Access,T1003.001-Credential dumping: LSASS,LSASS process accessed by a non system account,4656 or 4663,,What event IDs are associated with LSASS process accessed by a non system account?,The event IDs associated with 'LSASS process accessed by a non system account' are 4656 or 4663.
TA0006-Credential Access,T1003.001-Credential dumping: LSASS,SAM database user credential dump,4661,Mimikatz,What event IDs are associated with SAM database user credential dump?,The event IDs associated with 'SAM database user credential dump' are 4661.
TA0006-Credential Access,T1003.001-Credential dumping: LSASS,Task manager used to dump LSASS process,4663,,What event IDs are associated with Task manager used to dump LSASS process?,The event IDs associated with 'Task manager used to dump LSASS process' are 4663.
TA0006-Credential Access,T1003.002-Security Account Manager,Password dump over SMB ADMIN$,5145,Secretdump,What event IDs are associated with Password dump over SMB ADMIN$?,The event IDs associated with 'Password dump over SMB ADMIN$' are 5145.
TA0006-Credential Access,T1003.002-Security Account Manager,SAM database access during DCshadow,4661,DCShadow,What event IDs are associated with SAM database access during DCshadow?,The event IDs associated with 'SAM database access during DCshadow' are 4661.
TA0006-Credential Access,T1003.003-NTDS,IFM created,325 or 327,,What event IDs are associated with IFM created?,The event IDs associated with 'IFM created' are 325 or 327.
TA0006-Credential Access,T1003.003-NTDS,IFM created from command line,1 or 4688,,What event IDs are associated with IFM created from command line?,The event IDs associated with 'IFM created from command line' are 1 or 4688.
TA0006-Credential Access,T1003.003-OS Credential-Dumping NTDS,DSRM configuration changed (Reg via command),1 or 4688,,What event IDs are associated with DSRM configuration changed (Reg via command)?,The event IDs associated with 'DSRM configuration changed (Reg via command)' are 1 or 4688.
TA0006-Credential Access,T1003.003-OS Credential-Dumping NTDS,DSRM configuration changed (Reg via PowerShell),800 or 4103 or 4104,,What event IDs are associated with DSRM configuration changed (Reg via PowerShell)?,The event IDs associated with 'DSRM configuration changed (Reg via PowerShell)' are 800 or 4103 or 4104.
TA0006-Credential Access,T1003.003-OS Credential-Dumping NTDS,DSRM password reset,4794,,What event IDs are associated with DSRM password reset?,The event IDs associated with 'DSRM password reset' are 4794.
TA0006-Credential Access,T1003.006-DCSync,Member added to a Exchange DCsync related group,4728 or 4756 or 4732,DCSync,What event IDs are associated with Member added to a Exchange DCsync related group?,The event IDs associated with 'Member added to a Exchange DCsync related group' are 4728 or 4756 or 4732.
TA0006-Credential Access,T1003-Credential dumping,Backdoor introduction via registry permission change through WMI (DAMP),4674,DAMP,What event IDs are associated with Backdoor introduction via registry permission change through WMI (DAMP)?,The event IDs associated with 'Backdoor introduction via registry permission change through WMI (DAMP)' are 4674.
TA0006-Credential Access,T1003-Credential dumping,Diskshadow abuse,1 or 4688,,What event IDs are associated with Diskshadow abuse?,The event IDs associated with 'Diskshadow abuse' are 1 or 4688.
TA0006-Credential Access,T1003-Credential dumping,Wdigest authentication enabled (Reg via command),1 or 4688,,What event IDs are associated with Wdigest authentication enabled (Reg via command)?,The event IDs associated with 'Wdigest authentication enabled (Reg via command)' are 1 or 4688.
TA0006-Credential Access,T1003-Credential dumping,Wdigest authentication enabled (Reg via Sysmon),12 or 12,,What event IDs are associated with Wdigest authentication enabled (Reg via Sysmon)?,The event IDs associated with 'Wdigest authentication enabled (Reg via Sysmon)' are 12 or 12.
TA0006-Credential Access,T1040-Network sniffing,Windows native sniffing tool Pktmon usage,1 or 4688,,What event IDs are associated with Windows native sniffing tool Pktmon usage?,The event IDs associated with 'Windows native sniffing tool Pktmon usage' are 1 or 4688.
TA0006-Credential Access,T1110.xxx-Brut force,Brutforce enumeration on Windows OpenSSH server with non existing user,4625 or 4,SSH server,What event IDs are associated with Brutforce enumeration on Windows OpenSSH server with non existing user?,The event IDs associated with 'Brutforce enumeration on Windows OpenSSH server with non existing user' are 4625 or 4.
TA0006-Credential Access,T1110.xxx-Brut force,Brutforce on Windows OpenSSH server with valid user,4625 or 4,SSH server,What event IDs are associated with Brutforce on Windows OpenSSH server with valid user?,The event IDs associated with 'Brutforce on Windows OpenSSH server with valid user' are 4625 or 4.
TA0006-Credential Access,T1110.xxx-Brut force,Kerberos brutforce enumeration with existing/unexsting users (Kerbrute),4771 or 4768,,What event IDs are associated with Kerberos brutforce enumeration with existing/unexsting users (Kerbrute)?,The event IDs associated with 'Kerberos brutforce enumeration with existing/unexsting users (Kerbrute)' are 4771 or 4768.
TA0006-Credential Access,T1110.xxx-Brut force,Kerberos brutforce with not existing users,4771 or 4768,,What event IDs are associated with Kerberos brutforce with not existing users?,The event IDs associated with 'Kerberos brutforce with not existing users' are 4771 or 4768.
TA0006-Credential Access,T1110.xxx-Brut force,Login failure from a single source with different non existing accounts,33205,,What event IDs are associated with Login failure from a single source with different non existing accounts?,The event IDs associated with 'Login failure from a single source with different non existing accounts' are 33205.
TA0006-Credential Access,T1552.004-Unsecured Credentials-Private Keys,Unknown application accessing certificate private key detected,70(CAPI2),Mimikatz,What event IDs are associated with Unknown application accessing certificate private key detected?,The event IDs associated with 'Unknown application accessing certificate private key detected' are 70(CAPI2).
TA0006-Credential Access,T1555.003-Credentials from Password Stores: Credentials from Web Browsers,User browser credentials dump via network share,5145,"DonPapi, Lazagne",What event IDs are associated with User browser credentials dump via network share?,The event IDs associated with 'User browser credentials dump via network share' are 5145.
TA0006-Credential Access,T1555.004-Windows Credential Manager,Credentials (protected by DPAPI) dump via network share,5145,"DonPapi, Lazagne",What event IDs are associated with Credentials (protected by DPAPI) dump via network share?,The event IDs associated with 'Credentials (protected by DPAPI) dump via network share' are 5145.
TA0006-Credential Access,T1555.004-Windows Credential Manager,Vault credentials were read,5382,,What event IDs are associated with Vault credentials were read?,The event IDs associated with 'Vault credentials were read' are 5382.
TA0006-Credential Access,T1555-Credentials from Password Stores,Suspicious Active Directory DPAPI attributes accessed,4662,,What event IDs are associated with Suspicious Active Directory DPAPI attributes accessed?,The event IDs associated with 'Suspicious Active Directory DPAPI attributes accessed' are 4662.
TA0006-Credential Access,T1555-Credentials from Password Stores,User files dump via network share,5145,"DonPapi, Lazagne",What event IDs are associated with User files dump via network share?,The event IDs associated with 'User files dump via network share' are 5145.
TA0006-Credential Access,T1557.001-MiM:LLMNR/NBT-NS Poisoning and SMB Relay,Discovery for print spooler bug abuse via named pipe,5145,,What event IDs are associated with Discovery for print spooler bug abuse via named pipe?,The event IDs associated with 'Discovery for print spooler bug abuse via named pipe' are 5145.
TA0006-Credential Access,T1558.001-Golden Ticket,Kerberos TGS ticket request related to a potential Golden ticket,4769,Golden ticket,What event IDs are associated with Kerberos TGS ticket request related to a potential Golden ticket?,The event IDs associated with 'Kerberos TGS ticket request related to a potential Golden ticket' are 4769.
TA0006-Credential Access,T1558.001-Golden Ticket,SMB Admin share accessed with a forged Golden ticket,5140 or 5145,Golden ticket,What event IDs are associated with SMB Admin share accessed with a forged Golden ticket?,The event IDs associated with 'SMB Admin share accessed with a forged Golden ticket' are 5140 or 5145.
TA0006-Credential Access,T1558.001-Golden Ticket,Success login impersonation with forged Golden ticket,4624,Golden ticket,What event IDs are associated with Success login impersonation with forged Golden ticket?,The event IDs associated with 'Success login impersonation with forged Golden ticket' are 4624.
TA0006-Credential Access,T1558.003-Kerberoasting,KerberOAST ticket (TGS) request detected (low encryption),4769,Kerberoast,What event IDs are associated with KerberOAST ticket (TGS) request detected (low encryption)?,The event IDs associated with 'KerberOAST ticket (TGS) request detected (low encryption)' are 4769.
TA0006-Credential Access,T1558.004-Steal or Forge Kerberos Tickets: AS-REP Roasting,Kerberos AS-REP Roasting ticket request detected,4768,AS-REP Roasting,What event IDs are associated with Kerberos AS-REP Roasting ticket request detected?,The event IDs associated with 'Kerberos AS-REP Roasting ticket request detected' are 4768.
TA0006-Credential Access,T1558-Steal or Forge Kerberos Tickets,Kerberos ticket without a trailing $,4768 or 4769,CVE-2021-42278/42287 & SAM-the-admin,What event IDs are associated with Kerberos ticket without a trailing $?,The event IDs associated with 'Kerberos ticket without a trailing $' are 4768 or 4769.
TA0006-Credential Access,T1558-Steal or Forge Kerberos Tickets,Suspicious Kerberos proxiable ticket,4768,CVE-2021-42278/42287 & SAM-the-admin,What event IDs are associated with Suspicious Kerberos proxiable ticket?,The event IDs associated with 'Suspicious Kerberos proxiable ticket' are 4768.
TA0007-Discovery,T1016-System Network Configuration Discovery,Firewall configuration enumerated (command),1 or 4688,,What event IDs are associated with Firewall configuration enumerated (command)?,The event IDs associated with 'Firewall configuration enumerated (command)' are 1 or 4688.
TA0007-Discovery,T1016-System Network Configuration Discovery,Firewall configuration enumerated (PowerShell),800 or 4103 or 4104,,What event IDs are associated with Firewall configuration enumerated (PowerShell)?,The event IDs associated with 'Firewall configuration enumerated (PowerShell)' are 800 or 4103 or 4104.
TA0007-Discovery,T1016-System Network Configuration Discovery,Tentative of zone transfer from a non DNS server detected,6004 (DNSserver),,What event IDs are associated with Tentative of zone transfer from a non DNS server detected?,The event IDs associated with 'Tentative of zone transfer from a non DNS server detected' are 6004 (DNSserver).
TA0007-Discovery,T1018-Remote System Discovery,DNS hosts file accessed via network share,5145,,What event IDs are associated with DNS hosts file accessed via network share?,The event IDs associated with 'DNS hosts file accessed via network share' are 5145.
TA0007-Discovery,T1046-Network Service Scanning,RDP discovery performed on multiple hosts,131,,What event IDs are associated with RDP discovery performed on multiple hosts?,The event IDs associated with 'RDP discovery performed on multiple hosts' are 131.
TA0007-Discovery,T1046-Network Service Scanning,Suspicious anonymous login,4624,,What event IDs are associated with Suspicious anonymous login?,The event IDs associated with 'Suspicious anonymous login' are 4624.
TA0007-Discovery,T1069.001-Discovery domain groups,Local domain group enumeration via RID brutforce,4661,CrackMapExec,What event IDs are associated with Local domain group enumeration via RID brutforce?,The event IDs associated with 'Local domain group enumeration via RID brutforce' are 4661.
TA0007-Discovery,T1069.001-Discovery local groups,Remote local group enumeration (SharpeHound),4799,SharpHound,What event IDs are associated with Remote local group enumeration (SharpeHound)?,The event IDs associated with 'Remote local group enumeration (SharpeHound)' are 4799.
TA0007-Discovery,T1069.002-Discovery domain groups,Domain group enumeration,4661,CrackMapExec,What event IDs are associated with Domain group enumeration?,The event IDs associated with 'Domain group enumeration' are 4661.
TA0007-Discovery,T1069.002-Discovery domain groups,"Honeypot object (container, computer, group, user) enumerated",4662,SharpHound,"What event IDs are associated with Honeypot object (container, computer, group, user) enumerated?","The event IDs associated with 'Honeypot object (container, computer, group, user) enumerated' are 4662."
TA0007-Discovery,T1069.002-Discovery domain groups,Massive SAM domain users & groups discovery,4661,,What event IDs are associated with Massive SAM domain users & groups discovery?,The event IDs associated with 'Massive SAM domain users & groups discovery' are 4661.
TA0007-Discovery,T1069.002-Discovery domain groups,Sensitive SAM domain user & groups discovery,4661,,What event IDs are associated with Sensitive SAM domain user & groups discovery?,The event IDs associated with 'Sensitive SAM domain user & groups discovery' are 4661.
TA0007-Discovery,T1069-Permission Groups Discovery,Group discovery via commandline,1 or 4688,,What event IDs are associated with Group discovery via commandline?,The event IDs associated with 'Group discovery via commandline' are 1 or 4688.
TA0007-Discovery,T1069-Permission Groups Discovery,Group discovery via PowerShell,800 or 4103 or 4104,,What event IDs are associated with Group discovery via PowerShell?,The event IDs associated with 'Group discovery via PowerShell' are 800 or 4103 or 4104.
TA0007-Discovery,T1082-System Information Discovery,Audit policy settings collection,1 or 4688,,What event IDs are associated with Audit policy settings collection?,The event IDs associated with 'Audit policy settings collection' are 1 or 4688.
TA0007-Discovery,T1087.002-Domain Account discovery,Active Directory PowerShell module called from a non administrative host,600,,What event IDs are associated with Active Directory PowerShell module called from a non administrative host?,The event IDs associated with 'Active Directory PowerShell module called from a non administrative host' are 600.
TA0007-Discovery,T1087.002-Domain Account discovery,Single source performing host enumeration over Kerberos ticket (TGS) detected,4769,SharpHound,What event IDs are associated with Single source performing host enumeration over Kerberos ticket (TGS) detected?,The event IDs associated with 'Single source performing host enumeration over Kerberos ticket (TGS) detected' are 4769.
TA0007-Discovery,T1087-Account discovery,SPN enumeration (command),1 or 4688,Kerberoast,What event IDs are associated with SPN enumeration (command)?,The event IDs associated with 'SPN enumeration (command)' are 1 or 4688.
TA0007-Discovery,T1087-Account discovery,SPN enumeration (PowerShell),800 or 4103 or 4104,,What event IDs are associated with SPN enumeration (PowerShell)?,The event IDs associated with 'SPN enumeration (PowerShell)' are 800 or 4103 or 4104.
TA0007-Discovery,T1087-Account discovery,User enumeration via commandline,1 or 4688,,What event IDs are associated with User enumeration via commandline?,The event IDs associated with 'User enumeration via commandline' are 1 or 4688.
TA0007-Discovery,T1135-Network Share Discovery,Host performing advanced named pipes enumeration on different hosts via SMB,5145,SharpHound,What event IDs are associated with Host performing advanced named pipes enumeration on different hosts via SMB?,The event IDs associated with 'Host performing advanced named pipes enumeration on different hosts via SMB' are 5145.
TA0007-Discovery,T1135-Network Share Discovery,Network share discovery and/or connection via commandline,1 or 4688,,What event IDs are associated with Network share discovery and/or connection via commandline?,The event IDs associated with 'Network share discovery and/or connection via commandline' are 1 or 4688.
TA0007-Discovery,T1135-Network Share Discovery,Network share manipulation via commandline,1 or 4688,,What event IDs are associated with Network share manipulation via commandline?,The event IDs associated with 'Network share manipulation via commandline' are 1 or 4688.
TA0007-Discovery,T1201-Password Policy Discovery,Domain password policy enumeration,4661,CrackMapExec,What event IDs are associated with Domain password policy enumeration?,The event IDs associated with 'Domain password policy enumeration' are 4661.
TA0007-Discovery,T1201-Password Policy Discovery,Password policy discovery via commandline,1 or 4688,,What event IDs are associated with Password policy discovery via commandline?,The event IDs associated with 'Password policy discovery via commandline' are 1 or 4688.
TA0007-Discovery,T1482-Domain Trust Discovery,Active Directory Forest PowerShell class called from a non administrative host,800 or 4103 or 4104,,What event IDs are associated with Active Directory Forest PowerShell class called from a non administrative host?,The event IDs associated with 'Active Directory Forest PowerShell class called from a non administrative host' are 800 or 4103 or 4104.
TA0008-Lateral Movement,T1021.001-Remote Desktop Protocol,Denied RDP login with valid credentials,4825,,What event IDs are associated with Denied RDP login with valid credentials?,The event IDs associated with 'Denied RDP login with valid credentials' are 4825.
TA0008-Lateral Movement,T1021.002-SMB Windows Admin Shares,Admin share accessed via SMB (basic),5140 or 5145,,What event IDs are associated with Admin share accessed via SMB (basic)?,The event IDs associated with 'Admin share accessed via SMB (basic)' are 5140 or 5145.
TA0008-Lateral Movement,T1021.002-SMB Windows Admin Shares,Impacket WMIexec execution via SMB admin share,5145,WMIexec,What event IDs are associated with Impacket WMIexec execution via SMB admin share?,The event IDs associated with 'Impacket WMIexec execution via SMB admin share' are 5145.
TA0008-Lateral Movement,T1021.002-SMB Windows Admin Shares,Lateral movement by mounting a network share - net use (command),4688 and 4648,,What event IDs are associated with Lateral movement by mounting a network share - net use (command)?,The event IDs associated with 'Lateral movement by mounting a network share - net use (command)' are 4688 and 4648.
TA0008-Lateral Movement,T1021.002-SMB Windows Admin Shares,Multiple failed attempt to network share,5140 or 5145,,What event IDs are associated with Multiple failed attempt to network share?,The event IDs associated with 'Multiple failed attempt to network share' are 5140 or 5145.
TA0008-Lateral Movement,T1021.002-SMB Windows Admin Shares,New file share created on a host,5142,,What event IDs are associated with New file share created on a host?,The event IDs associated with 'New file share created on a host' are 5142.
TA0008-Lateral Movement,T1021.002-SMB Windows Admin Shares,Psexec remote execution via SMB,5145,,What event IDs are associated with Psexec remote execution via SMB?,The event IDs associated with 'Psexec remote execution via SMB' are 5145.
TA0008-Lateral Movement,T1021.002-SMB Windows Admin Shares,Remote service creation over SMB,5145,,What event IDs are associated with Remote service creation over SMB?,The event IDs associated with 'Remote service creation over SMB' are 5145.
TA0008-Lateral Movement,T1021.002-SMB Windows Admin Shares,Remote shell execuction via SMB admin share,5145,,What event IDs are associated with Remote shell execuction via SMB admin share?,The event IDs associated with 'Remote shell execuction via SMB admin share' are 5145.
TA0008-Lateral Movement,T1021.002-SMB Windows Admin Shares,Shared printer creation,5142,PrintNightmare (CVE-2021-1675 / CVE-2021-34527),What event IDs are associated with Shared printer creation?,The event IDs associated with 'Shared printer creation' are 5142.
TA0008-Lateral Movement,T1021.003-DCOM,DCOM lateral movement (via MMC20),4104,,What event IDs are associated with DCOM lateral movement (via MMC20)?,The event IDs associated with 'DCOM lateral movement (via MMC20)' are 4104.
TA0008-Lateral Movement,T1021.003-DCOM,DCOMexec privilege abuse,4674,,What event IDs are associated with DCOMexec privilege abuse?,The event IDs associated with 'DCOMexec privilege abuse' are 4674.
TA0008-Lateral Movement,T1021.003-DCOM,DCOMexec process abuse via MMC,1 or 4688,,What event IDs are associated with DCOMexec process abuse via MMC?,The event IDs associated with 'DCOMexec process abuse via MMC' are 1 or 4688.
TA0008-Lateral Movement,T1021.004-Remote services: SSH,OpenSSH native server feature installation,800 or 4103 or 4104,SSH server,What event IDs are associated with OpenSSH native server feature installation?,The event IDs associated with 'OpenSSH native server feature installation' are 800 or 4103 or 4104.
TA0008-Lateral Movement,T1021.004-Remote services: SSH,OpenSSH server for Windows activation/configuration detected,800 or 4103 or 4104,SSH server,What event IDs are associated with OpenSSH server for Windows activation/configuration detected?,The event IDs associated with 'OpenSSH server for Windows activation/configuration detected' are 800 or 4103 or 4104.
TA0008-Lateral Movement,T1021.006-Windows Remote Management,WinRM listening service reconnaissance,4656,,What event IDs are associated with WinRM listening service reconnaissance?,The event IDs associated with 'WinRM listening service reconnaissance' are 4656.
TA0008-Lateral Movement,T1550.002-Use Alternate Authentication Material: Pass the Hash,LSASS dump via process access,10,Mimikatz,What event IDs are associated with LSASS dump via process access?,The event IDs associated with 'LSASS dump via process access' are 10.
TA0008-Lateral Movement,T1550.002-Use Alternate Authentication Material: Pass the Hash,Pass-the-hash login,4624,Mimikatz,What event IDs are associated with Pass-the-hash login?,The event IDs associated with 'Pass-the-hash login' are 4624.
TA0008-Lateral Movement,T1563.002-RDP hijacking,RDP session hijack via TSCON abuse command,1 or 4688,,What event IDs are associated with RDP session hijack via TSCON abuse command?,The event IDs associated with 'RDP session hijack via TSCON abuse command' are 1 or 4688.
TA0009-Collection,T1125-Video capture,RDP shadow session started (registry),13,,What event IDs are associated with RDP shadow session started (registry)?,The event IDs associated with 'RDP shadow session started (registry)' are 13.
TA0011-Command and control,T1090-Proxy,Proxy configuration changed,5600,,What event IDs are associated with Proxy configuration changed?,The event IDs associated with 'Proxy configuration changed' are 5600.
TA0011-Command and control,T1572-Protocol tunneling,RDP tunneling configuration enabled for port forwarding,1 or 4688,,What event IDs are associated with RDP tunneling configuration enabled for port forwarding?,The event IDs associated with 'RDP tunneling configuration enabled for port forwarding' are 1 or 4688.
TA0040-Impact,T1490-Inhibit System Recovery,VSS backup deletion (PowerShell),800 or 4103 or 4104,,What event IDs are associated with VSS backup deletion (PowerShell)?,The event IDs associated with 'VSS backup deletion (PowerShell)' are 800 or 4103 or 4104.
TA0040-Impact,T1490-Inhibit System Recovery,VSS backup deletion (WMI),1 or 4688,,What event IDs are associated with VSS backup deletion (WMI)?,The event IDs associated with 'VSS backup deletion (WMI)' are 1 or 4688.
TA0040-Impact,T1490-Inhibit System Recovery,Windows native backup deletion,1 or 4688,,What event IDs are associated with Windows native backup deletion?,The event IDs associated with 'Windows native backup deletion' are 1 or 4688.
TA0040-Impact,T1565-Data manipulation,DNS hosts file modified,11,,What event IDs are associated with DNS hosts file modified?,The event IDs associated with 'DNS hosts file modified' are 11.
TA0006-Credential Access,T1110.xxx-Brut force,Local login failure on target,4625,,What event IDs are associated with Local login failure on target?,The event IDs associated with 'Local login failure on target' are 4625.
